id,first_name,last_name,email,gender
1,Lisle,Itscowicz,litscowicz0@unblog.fr,Male
2,Linc,Belchem,lbelchem1@furl.net,Male
3,Aloise,Dodsley,adodsley2@illinois.edu,Female
4,Annabell,Treadgear,atreadgear3@biblegateway.com,Female
5,Alanna,Murr,amurr4@lulu.com,Female
6,Kyle,Chandlar,kchandlar5@ucla.edu,Male
7,Elias,Depka,edepka6@bbc.co.uk,Male
8,Juditha,Borless,jborless7@alexa.com,Female
9,Wayland,Presley,wpresley8@clickbank.net,Male
10,Cynthia,Ronisch,cronisch9@wp.com,Female
11,Jecho,McAdam,jmcadama@jigsy.com,Male
12,Berget,Perton,bpertonb@pen.io,Female
13,Edan,Stickells,estickellsc@soundcloud.com,Male
14,Clerkclaude,Goakes,cgoakesd@freewebs.com,Male
15,Otis,Danielski,odanielskie@free.fr,Male
16,Elladine,Lindblom,elindblomf@army.mil,Female
17,Siward,Abramcik,sabramcikg@shinystat.com,Male
18,Kaja,Sealand,ksealandh@gnu.org,Female
19,Emlen,Gillitt,egillitti@instagram.com,Male
20,Chloe,Biasini,cbiasinij@epa.gov,Female
21,Alissa,Angerstein,aangersteink@google.ca,Female
22,Marcelo,Lamey,mlameyl@amazon.com,Male
23,Elsie,Fairholm,efairholmm@wikipedia.org,Female
24,Tod,Lumsdon,tlumsdonn@senate.gov,Male
25,Mitchael,Ivatts,mivattso@usda.gov,Male
26,Orton,Carman,ocarmanp@sakura.ne.jp,Male
27,Sybilla,Cullrford,scullrfordq@biblegateway.com,Female
28,Hart,Crinson,hcrinsonr@squidoo.com,Male
29,Read,Bagby,rbagbys@smugmug.com,Male
30,Saxon,Meanwell,smeanwellt@deliciousdays.com,Male
31,Neill,Flarity,nflarityu@blogspot.com,Male
32,Hanson,Lindegard,hlindegardv@1688.com,Male
33,Carmon,Sherry,csherryw@bizjournals.com,Female
34,Nike,Harman,nharmanx@umich.edu,Female
35,Lethia,Davenport,ldavenporty@engadget.com,Female
36,Dannye,Olivo,dolivoz@blogspot.com,Female
37,Pammi,Segges,psegges10@chronoengine.com,Female
38,Nefen,Utridge,nutridge11@state.gov,Male
39,Norma,Langcaster,nlangcaster12@yahoo.com,Female
40,Allison,Jolliffe,ajolliffe13@clickbank.net,Female
41,Reeva,Worham,rworham14@npr.org,Female
42,Carmine,Bangle,cbangle15@nps.gov,Female
43,Odell,Baford,obaford16@1und1.de,Male
44,Violet,De Simone,vdesimone17@salon.com,Female
45,Jenifer,Tooze,jtooze18@census.gov,Female
46,Pincus,Brasseur,pbrasseur19@artisteer.com,Male
47,Beatrice,De Cleyne,bdecleyne1a@feedburner.com,Female
48,Elladine,Ballam,eballam1b@auda.org.au,Female
49,Casey,Olenchenko,colenchenko1c@tinypic.com,Female
50,Aleta,de Verson,adeverson1d@printfriendly.com,Female
51,Ansell,Sarjent,asarjent1e@wisc.edu,Male
52,Kenton,Bonney,kbonney1f@woothemes.com,Male
53,Andee,Domek,adomek1g@purevolume.com,Female
54,Ewart,Howsley,ehowsley1h@economist.com,Male
55,Lorry,Bernardeschi,lbernardeschi1i@nyu.edu,Male
56,Rebecka,Tucknott,rtucknott1j@cargocollective.com,Female
57,Blane,Faichnie,bfaichnie1k@sogou.com,Male
58,Leeann,Considine,lconsidine1l@wsj.com,Female
59,Kelbee,Swetland,kswetland1m@cyberchimps.com,Male
60,Shadow,Cluatt,scluatt1n@ftc.gov,Male
61,Debbie,Laux,dlaux1o@rambler.ru,Female
62,Florri,Golson,fgolson1p@rediff.com,Female
63,Cirstoforo,Lye,clye1q@indiatimes.com,Male
64,Anitra,Bonafant,abonafant1r@si.edu,Female
65,Brigham,McCombe,bmccombe1s@webeden.co.uk,Male
66,Marylee,Courcey,mcourcey1t@census.gov,Female
67,Donavon,Ravel,dravel1u@fema.gov,Male
68,Estella,Franklyn,efranklyn1v@goodreads.com,Female
69,Didi,Gadie,dgadie1w@tinyurl.com,Female
70,Cal,Malamore,cmalamore1x@webeden.co.uk,Female
71,Reena,Imlen,rimlen1y@hatena.ne.jp,Female
72,Silas,Cheltnam,scheltnam1z@de.vu,Male
73,Tonnie,Exall,texall20@theatlantic.com,Male
74,Isacco,Belf,ibelf21@washington.edu,Male
75,Ardith,Margerrison,amargerrison22@github.io,Female
76,Kalil,Heaton,kheaton23@issuu.com,Male
77,Buddy,Blackall,bblackall24@studiopress.com,Male
78,Artair,Mager,amager25@dropbox.com,Male
79,Valentina,Dowglass,vdowglass26@behance.net,Female
80,Sondra,Trotton,strotton27@tinypic.com,Female
81,Roman,Seabon,rseabon28@princeton.edu,Male
82,Montague,Townrow,mtownrow29@diigo.com,Male
83,Karl,Richardes,krichardes2a@clickbank.net,Male
84,Zedekiah,Shilling,zshilling2b@infoseek.co.jp,Male
85,Rustie,Pidgen,rpidgen2c@samsung.com,Male
86,Ron,Routley,rroutley2d@hubpages.com,Male
87,Con,Barkess,cbarkess2e@abc.net.au,Female
88,Rod,Ludgate,rludgate2f@flavors.me,Male
89,Timofei,O'Duilleain,toduilleain2g@twitter.com,Male
90,Georgette,Kapiloff,gkapiloff2h@fotki.com,Female
91,Moina,Clemonts,mclemonts2i@xing.com,Female
92,Liam,Hornbuckle,lhornbuckle2j@cargocollective.com,Male
93,Tiebout,Heynen,theynen2k@princeton.edu,Male
94,Corrie,O'Nowlan,conowlan2l@pagesperso-orange.fr,Male
95,Ingram,Tunnacliffe,itunnacliffe2m@prweb.com,Male
96,Arnie,Vosse,avosse2n@china.com.cn,Male
97,Samuel,Gorioli,sgorioli2o@blogger.com,Male
98,Sabine,McGloin,smcgloin2p@vinaora.com,Female
99,Wade,Ullett,wullett2q@sitemeter.com,Male
100,Fields,Jonk,fjonk2r@qq.com,Male
101,Bond,Wait,bwait2s@goodreads.com,Male
102,Jeth,Phil,jphil2t@paginegialle.it,Male
103,Pepillo,Verman,pverman2u@over-blog.com,Male
104,Jehanna,Blooman,jblooman2v@angelfire.com,Female
105,Lynsey,Janaway,ljanaway2w@bigcartel.com,Female
106,Melamie,Toplin,mtoplin2x@oaic.gov.au,Female
107,Aubry,Melbert,amelbert2y@arizona.edu,Female
108,Levi,Hambright,lhambright2z@ovh.net,Male
109,Madlen,Vittore,mvittore30@hostgator.com,Female
110,Ronnie,Gymlett,rgymlett31@cnbc.com,Male
111,Zared,Gabbitus,zgabbitus32@facebook.com,Male
112,Nikolai,Cowdrey,ncowdrey33@shareasale.com,Male
113,Oates,Selbie,oselbie34@tinypic.com,Male
114,Nollie,Maceur,nmaceur35@studiopress.com,Male
115,Oliviero,Whisson,owhisson36@creativecommons.org,Male
116,Ava,Disbrey,adisbrey37@redcross.org,Female
117,Willy,Lamond,wlamond38@ycombinator.com,Male
118,Sibbie,Knighton,sknighton39@yolasite.com,Female
119,Kassia,McKinstry,kmckinstry3a@cisco.com,Female
120,Felic,Mummery,fmummery3b@nationalgeographic.com,Male
121,Natasha,Luparto,nluparto3c@spiegel.de,Female
122,Jerome,Puckring,jpuckring3d@nyu.edu,Male
123,Hildegarde,Bentje,hbentje3e@squidoo.com,Female
124,Archaimbaud,Pirdue,apirdue3f@altervista.org,Male
125,Tabitha,Goodisson,tgoodisson3g@dion.ne.jp,Female
126,Agace,Dripps,adripps3h@yolasite.com,Female
127,Cari,Itzkovici,citzkovici3i@usgs.gov,Female
128,Amandi,Panton,apanton3j@washington.edu,Female
129,Amery,Jarville,ajarville3k@intel.com,Male
130,Skell,Tryhorn,stryhorn3l@cpanel.net,Male
131,Skipp,Fendley,sfendley3m@blog.com,Male
132,Lon,Hartrick,lhartrick3n@nyu.edu,Male
133,Lyssa,Top,ltop3o@discuz.net,Female
134,Saunderson,Hefforde,shefforde3p@ebay.com,Male
135,Doralia,Webley,dwebley3q@yale.edu,Female
136,Errick,Layman,elayman3r@craigslist.org,Male
137,Barbra,Southers,bsouthers3s@discovery.com,Female
138,Joyce,Wixey,jwixey3t@livejournal.com,Female
139,Gale,Koschke,gkoschke3u@meetup.com,Female
140,Corie,Daynter,cdaynter3v@macromedia.com,Female
141,Chrysa,Jennings,cjennings3w@moonfruit.com,Female
142,Timotheus,Swaden,tswaden3x@sohu.com,Male
143,Haleigh,Soro,hsoro3y@statcounter.com,Female
144,Nadia,Tieraney,ntieraney3z@smugmug.com,Female
145,Diann,Hartus,dhartus40@mozilla.org,Female
146,Maressa,Lummasana,mlummasana41@telegraph.co.uk,Female
147,Bonnie,Leavry,bleavry42@google.fr,Female
148,Damita,White,dwhite43@adobe.com,Female
149,Marlane,Longworth,mlongworth44@constantcontact.com,Female
150,Beck,Cutridge,bcutridge45@nih.gov,Male
151,Goldy,Di Bernardo,gdibernardo46@cornell.edu,Female
152,Coriss,Reck,creck47@google.de,Female
153,Rudyard,Ruberry,rruberry48@4shared.com,Male
154,Fidelity,McGhee,fmcghee49@youku.com,Female
155,Alano,Biernat,abiernat4a@ezinearticles.com,Male
156,Arlee,Lochran,alochran4b@zimbio.com,Female
157,Dewey,Hampstead,dhampstead4c@springer.com,Male
158,Elden,Freke,efreke4d@google.com,Male
159,Margarete,Camies,mcamies4e@ca.gov,Female
160,Adorne,Berthelet,aberthelet4f@telegraph.co.uk,Female
161,Chrissie,Swanson,cswanson4g@opensource.org,Male
162,Morton,Brace,mbrace4h@patch.com,Male
163,Edyth,Yerrill,eyerrill4i@economist.com,Female
164,Gay,Isakowicz,gisakowicz4j@blinklist.com,Male
165,Kean,Howkins,khowkins4k@ovh.net,Male
166,Cobb,Grammer,cgrammer4l@fda.gov,Male
167,Elna,Iamittii,eiamittii4m@liveinternet.ru,Female
168,Humfrey,Stuffins,hstuffins4n@netlog.com,Male
169,Lorette,Althorp,lalthorp4o@utexas.edu,Female
170,Sheila-kathryn,Babb,sbabb4p@pagesperso-orange.fr,Female
171,Zahara,Bracer,zbracer4q@netscape.com,Female
172,Chery,Spon,cspon4r@slashdot.org,Female
173,Cleon,Basini-Gazzi,cbasinigazzi4s@creativecommons.org,Male
174,Alasteir,Malafe,amalafe4t@bbc.co.uk,Male
175,Garrot,Gowrich,ggowrich4u@qq.com,Male
176,Virgil,Mandry,vmandry4v@ft.com,Male
177,Aubry,Hewins,ahewins4w@spiegel.de,Female
178,Walsh,Toon,wtoon4x@t-online.de,Male
179,Katee,Gascoyen,kgascoyen4y@mail.ru,Female
180,Carole,Margaret,cmargaret4z@jalbum.net,Female
181,Aurel,Dumphy,adumphy50@issuu.com,Female
182,Say,Harrie,sharrie51@mlb.com,Male
183,Aron,Blasoni,ablasoni52@umn.edu,Male
184,Ben,Fransson,bfransson53@cocolog-nifty.com,Male
185,Haley,Rudkin,hrudkin54@microsoft.com,Male
186,Hildagarde,Demcik,hdemcik55@toplist.cz,Female
187,Rori,Tixier,rtixier56@tripod.com,Female
188,Donavon,O'Coskerry,docoskerry57@ning.com,Male
189,Sofia,Combes,scombes58@ucoz.com,Female
190,Jed,Ogles,jogles59@soundcloud.com,Male
191,Dani,Vannuccini,dvannuccini5a@virginia.edu,Female
192,Donica,Mishaw,dmishaw5b@prweb.com,Female
193,Bobbye,Ollarenshaw,bollarenshaw5c@weebly.com,Female
194,Carly,Franseco,cfranseco5d@cnet.com,Male
195,Farah,Caird,fcaird5e@soup.io,Female
196,Nickolaus,Rives,nrives5f@google.pl,Male
197,Tiff,Yandell,tyandell5g@google.es,Female
198,Dyanna,Fuxman,dfuxman5h@unesco.org,Female
199,Chester,Kennicott,ckennicott5i@feedburner.com,Male
200,Ephraim,Caroll,ecaroll5j@spotify.com,Male
201,Hollie,Blaby,hblaby5k@cpanel.net,Female
202,Beatrix,Bramsom,bbramsom5l@berkeley.edu,Female
203,Winn,Sanbroke,wsanbroke5m@free.fr,Male
204,Desmund,Leftridge,dleftridge5n@ucoz.ru,Male
205,Junia,Andren,jandren5o@blogspot.com,Female
206,Rowe,Hansod,rhansod5p@mapy.cz,Female
207,Harald,Giacomo,hgiacomo5q@mapquest.com,Male
208,Romain,Grandison,rgrandison5r@google.cn,Male
209,Jinny,Lethieulier,jlethieulier5s@nsw.gov.au,Female
210,Tom,Spir,tspir5t@nifty.com,Male
211,Saraann,Duffer,sduffer5u@opera.com,Female
212,Ottilie,Fawdrie,ofawdrie5v@cyberchimps.com,Female
213,Winifred,Wigglesworth,wwigglesworth5w@dell.com,Female
214,Betteann,Messitt,bmessitt5x@berkeley.edu,Female
215,Ashlie,Sleight,asleight5y@free.fr,Female
216,Hart,Manzell,hmanzell5z@jiathis.com,Male
217,Berenice,Fretter,bfretter60@amazon.co.uk,Female
218,Dynah,Greedyer,dgreedyer61@rediff.com,Female
219,Adrien,Eul,aeul62@goo.ne.jp,Male
220,Lovell,Hearl,lhearl63@bbc.co.uk,Male
221,Carina,Cuerdall,ccuerdall64@google.ca,Female
222,Lemuel,McAnellye,lmcanellye65@oaic.gov.au,Male
223,Carlin,Wrey,cwrey66@1688.com,Female
224,Rois,Dorwood,rdorwood67@wiley.com,Female
225,Dewain,Attew,dattew68@addtoany.com,Male
226,Oralia,Durnall,odurnall69@craigslist.org,Female
227,Amalie,Camble,acamble6a@arizona.edu,Female
228,Milton,Leborgne,mleborgne6b@wunderground.com,Male
229,Tanney,Mayston,tmayston6c@issuu.com,Male
230,Ted,Halbord,thalbord6d@usatoday.com,Male
231,Pattin,Stonham,pstonham6e@mediafire.com,Male
232,Sapphira,Stiles,sstiles6f@google.com.br,Female
233,Gavrielle,Chasemoore,gchasemoore6g@earthlink.net,Female
234,Wallis,Van Haeften,wvanhaeften6h@dedecms.com,Female
235,Masha,Hanlon,mhanlon6i@amazon.com,Female
236,Codi,Batcock,cbatcock6j@reference.com,Male
237,Claus,Gathercole,cgathercole6k@google.co.jp,Male
238,Lothaire,Kerans,lkerans6l@si.edu,Male
239,Cori,McAllan,cmcallan6m@cisco.com,Female
240,Christoffer,Gredden,cgredden6n@reverbnation.com,Male
241,Flo,Sulter,fsulter6o@hao123.com,Female
242,Dulcie,Spick,dspick6p@google.ru,Female
243,Hayward,Dewan,hdewan6q@livejournal.com,Male
244,Haily,De Cruz,hdecruz6r@xrea.com,Male
245,Katalin,Otto,kotto6s@phoca.cz,Female
246,Ernaline,Philippet,ephilippet6t@163.com,Female
247,Hurleigh,Holdin,hholdin6u@google.nl,Male
248,Julianne,Shiell,jshiell6v@gnu.org,Female
249,Jacques,Nutley,jnutley6w@joomla.org,Male
250,Robbin,Charlwood,rcharlwood6x@dmoz.org,Female
251,Richmound,Nealey,rnealey6y@spiegel.de,Male
252,Malory,Camble,mcamble6z@over-blog.com,Female
253,Blane,Antonsson,bantonsson70@redcross.org,Male
254,Dannel,Heighton,dheighton71@live.com,Male
255,Tera,Grunwald,tgrunwald72@archive.org,Female
256,Broddy,Klehyn,bklehyn73@desdev.cn,Male
257,Derby,Tilt,dtilt74@simplemachines.org,Male
258,Amory,Bealton,abealton75@harvard.edu,Male
259,Ranique,Babbe,rbabbe76@altervista.org,Female
260,Pooh,Emptage,pemptage77@ucoz.com,Female
261,Allen,Schulz,aschulz78@themeforest.net,Male
262,Nestor,McCaghan,nmccaghan79@feedburner.com,Male
263,Sallie,Ortells,sortells7a@google.nl,Female
264,Upton,Chellingworth,uchellingworth7b@moonfruit.com,Male
265,Monti,Greenham,mgreenham7c@reuters.com,Male
266,Shannon,Kleinhausen,skleinhausen7d@ustream.tv,Male
267,Nester,Blondelle,nblondelle7e@scientificamerican.com,Male
268,Torey,Rupel,trupel7f@opensource.org,Male
269,Nina,MacMechan,nmacmechan7g@cam.ac.uk,Female
270,Truman,Girardoni,tgirardoni7h@scribd.com,Male
271,Amory,Meere,ameere7i@amazon.de,Male
272,Nerty,Schulze,nschulze7j@tripod.com,Female
273,Caleb,Giovanazzi,cgiovanazzi7k@bandcamp.com,Male
274,Jayson,Caush,jcaush7l@arstechnica.com,Male
275,Sollie,Clackers,sclackers7m@friendfeed.com,Male
276,Thalia,Cottis,tcottis7n@xrea.com,Female
277,Christoper,Meffan,cmeffan7o@woothemes.com,Male
278,Luci,Muckeen,lmuckeen7p@skyrock.com,Female
279,Land,Le Teve,lleteve7q@blogtalkradio.com,Male
280,Kerianne,Domanski,kdomanski7r@vk.com,Female
281,Basia,Bodker,bbodker7s@prlog.org,Female
282,Robb,Dorant,rdorant7t@t-online.de,Male
283,Ikey,Taysbil,itaysbil7u@icq.com,Male
284,Corny,Blant,cblant7v@cargocollective.com,Female
285,Adey,Boffey,aboffey7w@businesswire.com,Female
286,Ilene,Spottiswoode,ispottiswoode7x@utexas.edu,Female
287,Emmy,Olenchikov,eolenchikov7y@google.co.uk,Male
288,Anissa,Boraston,aboraston7z@engadget.com,Female
289,Locke,Seaton,lseaton80@booking.com,Male
290,Quincy,Flood,qflood81@sbwire.com,Male
291,Kingsley,Bartosik,kbartosik82@shinystat.com,Male
292,Hyacinth,Espada,hespada83@tumblr.com,Female
293,Lowrance,Challes,lchalles84@studiopress.com,Male
294,Kristoffer,Beneyto,kbeneyto85@wp.com,Male
295,Cecilius,Corish,ccorish86@1und1.de,Male
296,Kari,Tomek,ktomek87@mashable.com,Female
297,Archer,Cammoile,acammoile88@dion.ne.jp,Male
298,Lotti,Cahey,lcahey89@topsy.com,Female
299,Jeannie,Conyard,jconyard8a@amazon.co.uk,Female
300,Vikki,Feedome,vfeedome8b@flavors.me,Female
301,Arte,Shepcutt,ashepcutt8c@europa.eu,Male
302,Clemmie,Desesquelle,cdesesquelle8d@xing.com,Male
303,Lewie,Kopec,lkopec8e@amazonaws.com,Male
304,Roxanna,Hellmer,rhellmer8f@cpanel.net,Female
305,Nathanil,Tinline,ntinline8g@infoseek.co.jp,Male
306,Ivonne,Renihan,irenihan8h@cloudflare.com,Female
307,Ralina,Willers,rwillers8i@china.com.cn,Female
308,Meredithe,Fagge,mfagge8j@bizjournals.com,Female
309,Faydra,O' Mullane,fomullane8k@themeforest.net,Female
310,Herman,Baudrey,hbaudrey8l@ucla.edu,Male
311,Hatty,Doley,hdoley8m@diigo.com,Female
312,Nico,Gierek,ngierek8n@surveymonkey.com,Male
313,Emmy,Maudett,emaudett8o@ucoz.com,Male
314,Rorie,Drake,rdrake8p@example.com,Female
315,Frieda,Lazare,flazare8q@github.com,Female
316,Cecilia,Behrend,cbehrend8r@networksolutions.com,Female
317,Lurlene,Domke,ldomke8s@smugmug.com,Female
318,Brewer,Richardin,brichardin8t@posterous.com,Male
319,Aubry,Preddle,apreddle8u@japanpost.jp,Female
320,Therine,Winsley,twinsley8v@nba.com,Female
321,Halley,Oades,hoades8w@addthis.com,Female
322,Herbert,Terren,hterren8x@odnoklassniki.ru,Male
323,Mellicent,Castagne,mcastagne8y@ycombinator.com,Female
324,Wood,Kellar,wkellar8z@soundcloud.com,Male
325,Elysia,Jarvie,ejarvie90@smugmug.com,Female
326,Robin,Biffin,rbiffin91@omniture.com,Female
327,Isidoro,Hoys,ihoys92@arizona.edu,Male
328,Maxwell,Gowler,mgowler93@arstechnica.com,Male
329,Erinn,Kitchenham,ekitchenham94@ed.gov,Female
330,Allegra,Deam,adeam95@photobucket.com,Female
331,Zolly,Duprey,zduprey96@example.com,Male
332,Huntlee,Renner,hrenner97@slideshare.net,Male
333,Rurik,Conquest,rconquest98@liveinternet.ru,Male
334,Alric,Merdew,amerdew99@mozilla.com,Male
335,Turner,Hlavecek,thlavecek9a@pcworld.com,Male
336,Reid,Fallis,rfallis9b@bizjournals.com,Male
337,Blayne,Taveriner,btaveriner9c@xrea.com,Male
338,Dulciana,Andri,dandri9d@squarespace.com,Female
339,Dorine,Dulson,ddulson9e@furl.net,Female
340,Aili,Tripp,atripp9f@addtoany.com,Female
341,Kamila,Chauvey,kchauvey9g@spiegel.de,Female
342,Wendell,Mayston,wmayston9h@edublogs.org,Male
343,Carleton,Gadie,cgadie9i@sciencedaily.com,Male
344,Rosalie,Whymark,rwhymark9j@unc.edu,Female
345,Kimbell,Demkowicz,kdemkowicz9k@youtu.be,Male
346,Curr,Bysaker,cbysaker9l@theatlantic.com,Male
347,Wakefield,Sisselot,wsisselot9m@flavors.me,Male
348,Bobbye,Snibson,bsnibson9n@1688.com,Female
349,Octavius,Sultana,osultana9o@stanford.edu,Male
350,Hale,Gass,hgass9p@booking.com,Male
351,Lesley,Sysland,lsysland9q@amazonaws.com,Male
352,Lev,Garrit,lgarrit9r@army.mil,Male
353,Emery,Rattray,erattray9s@cnet.com,Male
354,Verile,Broschek,vbroschek9t@elegantthemes.com,Female
355,Johann,Radolf,jradolf9u@tumblr.com,Male
356,Dunc,Staner,dstaner9v@domainmarket.com,Male
357,Viole,Jaye,vjaye9w@cnn.com,Female
358,Marcello,Szymanowicz,mszymanowicz9x@mozilla.org,Male
359,Angie,Breckwell,abreckwell9y@phpbb.com,Female
360,Alec,MacCracken,amaccracken9z@vinaora.com,Male
361,Gus,Ellett,gelletta0@ucoz.com,Male
362,Irwin,Minchindon,iminchindona1@e-recht24.de,Male
363,Allyson,Chatenet,achateneta2@wikia.com,Female
364,Lia,Turmell,lturmella3@fotki.com,Female
365,Bradney,Mattisssen,bmattisssena4@vistaprint.com,Male
366,Heidie,Van Velde,hvanveldea5@mlb.com,Female
367,Osborne,Lindholm,olindholma6@vk.com,Male
368,Daryn,Matthisson,dmatthissona7@icq.com,Female
369,Jamesy,Hammill,jhammilla8@usatoday.com,Male
370,Ilyssa,Yanyshev,iyanysheva9@wiley.com,Female
371,Tisha,Ingry,tingryaa@skype.com,Female
372,Myer,Mochar,mmocharab@spiegel.de,Male
373,Shirley,Durrant,sdurrantac@quantcast.com,Female
374,Obed,Zellmer,ozellmerad@google.pl,Male
375,Adrien,Sumpton,asumptonae@cornell.edu,Male
376,Cosetta,Clingan,cclinganaf@mozilla.org,Female
377,Ulises,Grisbrook,ugrisbrookag@reddit.com,Male
378,Editha,Minton,emintonah@aol.com,Female
379,Ike,Mildenhall,imildenhallai@yellowbook.com,Male
380,Dulcea,Chatwood,dchatwoodaj@imageshack.us,Female
381,Heall,Tidy,htidyak@boston.com,Male
382,Ashlin,Rosevear,arosevearal@netscape.com,Male
383,Rodina,Stannah,rstannaham@cyberchimps.com,Female
384,Trescha,Gott,tgottan@amazonaws.com,Female
385,Shelden,Dommett,sdommettao@nationalgeographic.com,Male
386,Willy,Reinhard,wreinhardap@dot.gov,Male
387,Shirley,Werny,swernyaq@twitter.com,Female
388,Virginia,De Cruze,vdecruzear@51.la,Female
389,Ase,Crotty,acrottyas@hubpages.com,Male
390,Carolina,Claus,cclausat@creativecommons.org,Female
391,Jemie,Corfield,jcorfieldau@dropbox.com,Female
392,De,Oehme,doehmeav@eventbrite.com,Female
393,Brandi,Howley,bhowleyaw@bloglovin.com,Female
394,Adore,Grayne,agrayneax@slashdot.org,Female
395,Gregoor,Borrill,gborrillay@dropbox.com,Male
396,Dana,Hatherley,dhatherleyaz@wufoo.com,Male
397,Tatum,Doale,tdoaleb0@baidu.com,Female
398,Sadie,Snare,ssnareb1@bluehost.com,Female
399,Evangeline,Eagle,eeagleb2@moonfruit.com,Female
400,Ransell,Jowling,rjowlingb3@bluehost.com,Male
401,Fredelia,Vickress,fvickressb4@sakura.ne.jp,Female
402,Cathee,Veitch,cveitchb5@shareasale.com,Female
403,Symon,Stothart,sstothartb6@blinklist.com,Male
404,Allegra,Chumley,achumleyb7@godaddy.com,Female
405,Tiffi,Hutchinson,thutchinsonb8@t.co,Female
406,Tonia,Sprason,tsprasonb9@nymag.com,Female
407,Aviva,Bortoletti,abortolettiba@woothemes.com,Female
408,Oona,Stanton,ostantonbb@jalbum.net,Female
409,Diarmid,Ervine,dervinebc@w3.org,Male
410,Kingsley,Emett,kemettbd@clickbank.net,Male
411,Gabriellia,Mcsarry,gmcsarrybe@mapy.cz,Female
412,Hebert,Alton,haltonbf@yale.edu,Male
413,Bertie,Rose,brosebg@ameblo.jp,Male
414,Conway,Rizzillo,crizzillobh@chronoengine.com,Male
415,Ibby,Saunders,isaundersbi@cam.ac.uk,Female
416,Winslow,Scaice,wscaicebj@myspace.com,Male
417,Judon,Emps,jempsbk@bloglovin.com,Male
418,Jarid,Champniss,jchampnissbl@freewebs.com,Male
419,Mahmud,Sporgeon,msporgeonbm@barnesandnoble.com,Male
420,Glori,Stanbury,gstanburybn@booking.com,Female
421,Kaleb,Lyons,klyonsbo@baidu.com,Male
422,Pietra,Amesbury,pamesburybp@fastcompany.com,Female
423,Dru,Warcup,dwarcupbq@va.gov,Female
424,Tamma,Ennew,tennewbr@list-manage.com,Female
425,Beryl,Orriss,borrissbs@imageshack.us,Female
426,Genovera,MacLleese,gmaclleesebt@reuters.com,Female
427,Mamie,Jedryka,mjedrykabu@delicious.com,Female
428,Felita,Dockrell,fdockrellbv@cornell.edu,Female
429,Justis,Leijs,jleijsbw@cocolog-nifty.com,Male
430,Penn,Chesters,pchestersbx@google.com.br,Male
431,Weston,Celle,wcelleby@cdbaby.com,Male
432,Truman,Anstice,tansticebz@sitemeter.com,Male
433,Lance,Athowe,lathowec0@alexa.com,Male
434,Earvin,Priditt,epridittc1@twitpic.com,Male
435,Berte,Hustings,bhustingsc2@cisco.com,Female
436,Marillin,Pallant,mpallantc3@gov.uk,Female
437,Felicia,Baddoe,fbaddoec4@qq.com,Female
438,Caty,Basson,cbassonc5@nydailynews.com,Female
439,Phyllys,Tyrie,ptyriec6@eepurl.com,Female
440,Colin,Jacquemet,cjacquemetc7@usda.gov,Male
441,Francis,Bridgnell,fbridgnellc8@harvard.edu,Male
442,Sigismondo,Castiello,scastielloc9@cam.ac.uk,Male
443,Mal,Gordon,mgordonca@hugedomains.com,Male
444,Hubey,Challinor,hchallinorcb@tripadvisor.com,Male
445,Luce,Littrell,llittrellcc@nytimes.com,Male
446,Lauri,Arnoud,larnoudcd@epa.gov,Female
447,Sheffield,Haresnape,sharesnapece@networksolutions.com,Male
448,Dale,Gillaspy,dgillaspycf@printfriendly.com,Female
449,Lotti,Rathjen,lrathjencg@wunderground.com,Female
450,Mal,Ratledge,mratledgech@cmu.edu,Male
451,Chickie,Roath,croathci@com.com,Female
452,Neddy,Maciejak,nmaciejakcj@constantcontact.com,Male
453,Petr,Zmitruk,pzmitrukck@google.com.hk,Male
454,Aldridge,Velasquez,avelasquezcl@bbb.org,Male
455,Siegfried,MacMechan,smacmechancm@webmd.com,Male
456,Haily,Marton,hmartoncn@ning.com,Female
457,Vernor,Tadman,vtadmanco@columbia.edu,Male
458,Granthem,Sevin,gsevincp@merriam-webster.com,Male
459,Adey,McGruar,amcgruarcq@barnesandnoble.com,Female
460,Krisha,Romanetti,kromanetticr@netscape.com,Male
461,Kerrill,Lankester,klankestercs@goo.gl,Female
462,Michail,Antao,mantaoct@yelp.com,Male
463,Noelle,Fitkin,nfitkincu@globo.com,Female
464,Rowan,Teggart,rteggartcv@nasa.gov,Male
465,Frankie,Sigg,fsiggcw@purevolume.com,Female
466,Laurena,Rubinovitch,lrubinovitchcx@youku.com,Female
467,Quinlan,Butler-Bowdon,qbutlerbowdoncy@google.com.br,Male
468,Euell,Zappel,ezappelcz@kickstarter.com,Male
469,Hana,Bettles,hbettlesd0@creativecommons.org,Female
470,Osmond,Alessandrelli,oalessandrellid1@hatena.ne.jp,Male
471,Ray,Enrich,renrichd2@paypal.com,Male
472,Dyanna,Meineking,dmeinekingd3@opera.com,Female
473,Sammie,McDowell,smcdowelld4@live.com,Male
474,Victoria,Foyston,vfoystond5@nydailynews.com,Female
475,Dixie,Shotboulte,dshotboulted6@drupal.org,Female
476,Dorine,Biskup,dbiskupd7@tamu.edu,Female
477,Gardener,Ghidelli,gghidellid8@washingtonpost.com,Male
478,Tanitansy,Strugnell,tstrugnelld9@theguardian.com,Female
479,Andre,McGifford,amcgiffordda@1und1.de,Male
480,Dorolisa,Conry,dconrydb@archive.org,Female
481,Blakeley,Hindenburg,bhindenburgdc@acquirethisname.com,Female
482,Ransom,Heindrick,rheindrickdd@unesco.org,Male
483,Francois,Peattie,fpeattiede@friendfeed.com,Male
484,Junia,Guthrum,jguthrumdf@hao123.com,Female
485,Ernestus,Marikhin,emarikhindg@amazon.com,Male
486,Major,Neame,mneamedh@canalblog.com,Male
487,Caspar,Hiddy,chiddydi@msn.com,Male
488,Jessy,Murch,jmurchdj@merriam-webster.com,Female
489,Harriett,Espada,hespadadk@huffingtonpost.com,Female
490,Eran,Stiegars,estiegarsdl@imageshack.us,Female
491,Camilla,Ellaman,cellamandm@acquirethisname.com,Female
492,Lamar,Hemphrey,lhemphreydn@whitehouse.gov,Male
493,Leigha,Muschette,lmuschettedo@bizjournals.com,Female
494,Dukey,Thrasher,dthrasherdp@vistaprint.com,Male
495,Pen,Eddoes,peddoesdq@jigsy.com,Female
496,Alida,Tann,atanndr@msu.edu,Female
497,Clare,Croft,ccroftds@youku.com,Female
498,Delilah,Gilbard,dgilbarddt@nps.gov,Female
499,Putnam,Burtenshaw,pburtenshawdu@jigsy.com,Male
500,Velvet,Gariff,vgariffdv@slate.com,Female
